subreddit,id,created_utc,title,selftext,full_link
Freegamestuff,y3j3os,1665719169,1 Code for Shadow of Mordor PC GoG Edition,[removed],https://www.reddit.com/r/Freegamestuff/comments/y3j3os/1_code_for_shadow_of_mordor_pc_gog_edition/
Freegamestuff,y36608,1665686055,[Steam][DLC] Minion Masters - Torment (BASE GAME F2P),[https://store.steampowered.com/app/2155210/Minion\_Masters\_\_Torment/](https://store.steampowered.com/app/2155210/Minion_Masters__Torment/),https://www.reddit.com/r/Freegamestuff/comments/y36608/steamdlc_minion_masters_torment_base_game_f2p/
Freegamestuff,y361xu,1665685795,[Steam] Minion Masters - Torment (BASE GAME F2P),[removed],https://www.reddit.com/r/Freegamestuff/comments/y361xu/steam_minion_masters_torment_base_game_f2p/
Freegamestuff,y35z6w,1665685607,Minion Masters - Torment DLC (BASE GAME F2P),[removed],https://www.reddit.com/r/Freegamestuff/comments/y35z6w/minion_masters_torment_dlc_base_game_f2p/
Freegamestuff,y30yio,1665673282,[Epic Games] [Game] ToeJam &amp; Earl: Back in the Groove!,,https://www.reddit.com/r/Freegamestuff/comments/y30yio/epic_games_game_toejam_earl_back_in_the_groove/
Freegamestuff,y30y7y,1665673262,[Epic Games] [Game] Darkwood,,https://www.reddit.com/r/Freegamestuff/comments/y30y7y/epic_games_game_darkwood/
Freegamestuff,y0u5mg,1665446610,[deleted by user],[removed],https://www.reddit.com/r/Freegamestuff/comments/y0u5mg/deleted_by_user/
Freegamestuff,xx7erg,1665068480,[Epic Games] [Game] Slain: Back From Hell,,https://www.reddit.com/r/Freegamestuff/comments/xx7erg/epic_games_game_slain_back_from_hell/
Freegamestuff,xx7egp,1665068458,[Epic Games] [Game] Rising Hell,,https://www.reddit.com/r/Freegamestuff/comments/xx7egp/epic_games_game_rising_hell/
Freegamestuff,xx3guc,1665057607,[other] Splatoon 3,[removed],https://www.reddit.com/r/Freegamestuff/comments/xx3guc/other_splatoon_3/
Freegamestuff,xwya8q,1665038022,Free game Middle-Earth: Shadow of War on GOG for someone who want it,[removed],https://www.reddit.com/r/Freegamestuff/comments/xwya8q/free_game_middleearth_shadow_of_war_on_gog_for/
Freegamestuff,xwgyrn,1664991338,[Other] *FREE* 1000 new people view your referral link EVERYDAY! or just collect $30/month! -- 100% FREE &amp; PASSIVE INCOME!!! -- An easy guide to getting free referrals everyday for any affiliate link using the Cointiply website...,[removed],https://www.reddit.com/r/Freegamestuff/comments/xwgyrn/other_free_1000_new_people_view_your_referral/
Freegamestuff,xw26qx,1664949212,[Microsoft] *FREE* 1000 new people view your referral link EVERYDAY! or just collect $30/month! -- 100% FREE &amp; PASSIVE INCOME!!! -- An easy guide to getting free referrals everyday for any affiliate link using the Cointiply website...,[removed],https://www.reddit.com/r/Freegamestuff/comments/xw26qx/microsoft_free_1000_new_people_view_your_referral/
Freegamestuff,xv8zxw,1664870442,Overwatch 2? - Technically F2P Now Omegalol?,[removed],https://www.reddit.com/r/Freegamestuff/comments/xv8zxw/overwatch_2_technically_f2p_now_omegalol/
Freegamestuff,xs7iyp,1664559701,Method to have anything on g2a for free :),[deleted],https://www.reddit.com/r/Freegamestuff/comments/xs7iyp/method_to_have_anything_on_g2a_for_free/
Freegamestuff,xruzol,1664522324,"ARENA of The GODS (PC, PS SMITE Free Game)",,https://www.reddit.com/r/Freegamestuff/comments/xruzol/arena_of_the_gods_pc_ps_smite_free_game/
Freegamestuff,xrdtsr,1664472723,[GOG] [Game] Master of Magic Classic,[https://www.gog.com/en/game/master\_of\_magic\_classic](https://www.gog.com/en/game/master_of_magic_classic),https://www.reddit.com/r/Freegamestuff/comments/xrdtsr/gog_game_master_of_magic_classic/
Freegamestuff,xrdi1r,1664471939,[GOG] [GAME] Master of Magic Classic,[removed],https://www.reddit.com/r/Freegamestuff/comments/xrdi1r/gog_game_master_of_magic_classic/
Freegamestuff,xrbtxv,1664467929,Ironsight is a free to play call of duty like game.,,https://www.reddit.com/r/Freegamestuff/comments/xrbtxv/ironsight_is_a_free_to_play_call_of_duty_like_game/
Freegamestuff,xrak3x,1664464835,[Epic Games] [Game] The Drone Racing League Simulator,,https://www.reddit.com/r/Freegamestuff/comments/xrak3x/epic_games_game_the_drone_racing_league_simulator/
Freegamestuff,wdpybm,1659381712,[Steam] [Game] POLE,,https://www.reddit.com/r/Freegamestuff/comments/wdpybm/steam_game_pole/
Freegamestuff,wdorjd,1659378802,Warriors vs Evil Spirits [epic games],[epic games],https://www.reddit.com/r/Freegamestuff/comments/wdorjd/warriors_vs_evil_spirits_epic_games/
Freegamestuff,wdoqov,1659378745,Warriors vs Evil Spirits [epic game],[epic game],https://www.reddit.com/r/Freegamestuff/comments/wdoqov/warriors_vs_evil_spirits_epic_game/
Freegamestuff,wdol88,1659378375,Warriors VS Evil Spirits,,https://www.reddit.com/r/Freegamestuff/comments/wdol88/warriors_vs_evil_spirits/
Freegamestuff,wbzd0v,1659193024,[Steam] [Game] Free Sonic Game Codes (not sure if used or not),Bought a bundle a while ago cause it was cheaper than the game I wanted. Never used the other codes. Not sure if they‚Äôve have been used yet but here they are if you want to try them.\n\nSonic Adventure DX:\nEVFYH-Y2BIC-PC0VH\n\nSonic and SEGA All Stars Racing:\nGCX45-HD66F-TXTF0\n\nSonic the Hedgehog 4 - Episode I:\nE8TXZ-EKGIE-Q0WLR\n\nSonic the Hedgehog 4 - Episode II:\nE6CVZ-ZCQ40-JIIPP\n\nSonic &amp; All-Stars Racing Transformed Collection:\nCKXWL-MR79H-ZBH08\n\nSonic Generations Collection:\nCCDC4-49T2B-EI7IC\n\nSonic Lost World:\nE3LG6-6F892-2F2B0\n\nSonic Mania:\nBWHRK-YVEQH-RRHHM\n\nSonic Mania Encore DLC:\nA02BE-37VMP-QKM0F\n\nTeam Sonic Racing:\nCKMAL-JDWK2-6ZMI7,https://www.reddit.com/r/Freegamestuff/comments/wbzd0v/steam_game_free_sonic_game_codes_not_sure_if_used/
Freegamestuff,wacuce,1659022024,[Epic Games] [Game] Lawn Mowing Simulator,,https://www.reddit.com/r/Freegamestuff/comments/wacuce/epic_games_game_lawn_mowing_simulator/
Freegamestuff,wacfhi,1659021001,[Epic Games] [Game] Lawn Mowing Simulator,[removed],https://www.reddit.com/r/Freegamestuff/comments/wacfhi/epic_games_game_lawn_mowing_simulator/
Freegamestuff,w9u611,1658966332,Stellar Cannacoin-The Price is Right!! Win 50k Cannacoin by guessing the value!!! Details in the comments.,,https://www.reddit.com/r/Freegamestuff/comments/w9u611/stellar_cannacointhe_price_is_right_win_50k/
Freegamestuff,w7xiwc,1658776500,[Steam][Game]Limited Free Games on Steam,"Other than searching all ‚Äúended‚Äù threads on r/freeonsteam subreddit, is there a website or list for all games that were free for a limited time on Steam? I know there are websites for Epic Games that compile, wasn‚Äôt sure if there‚Äôs one for Steam.",https://www.reddit.com/r/Freegamestuff/comments/w7xiwc/steamgamelimited_free_games_on_steam/
Freegamestuff,w7xcl1,1658776093,[Steam] Limited Free Games on Steam,[removed],https://www.reddit.com/r/Freegamestuff/comments/w7xcl1/steam_limited_free_games_on_steam/
Freegamestuff,w7n4x3,1658750477,[Games] A few,[removed],https://www.reddit.com/r/Freegamestuff/comments/w7n4x3/games_a_few/
Freegamestuff,w7n44b,1658750426,[Game] A few,[removed],https://www.reddit.com/r/Freegamestuff/comments/w7n44b/game_a_few/
Freegamestuff,w70nr2,1658683035,Resonance - Puzzle Game. Train your brain with 500 levels !,,https://www.reddit.com/r/Freegamestuff/comments/w70nr2/resonance_puzzle_game_train_your_brain_with_500/
Freegamestuff,w6g2n3,1658615546,What games have been free for limited time on Steam,[removed],https://www.reddit.com/r/Freegamestuff/comments/w6g2n3/what_games_have_been_free_for_limited_time_on/
Freegamestuff,w5wpp7,1658556740,Everyday 1000 new people click my referral link! -- FREE &amp; PASSIVE!!! -- An easy guide to getting free referrals everyday for any affiliate link using the Cointiply website...,[removed],https://www.reddit.com/r/Freegamestuff/comments/w5wpp7/everyday_1000_new_people_click_my_referral_link/
Freegamestuff,w5uomq,1658550161,[GOG] Begging like a loser cause I'm hopeless and I have no other option left,[removed],https://www.reddit.com/r/Freegamestuff/comments/w5uomq/gog_begging_like_a_loser_cause_im_hopeless_and_i/
Freegamestuff,w5unzy,1658550107,Begging like a loser cause I'm hopeless and I have no other option left,[removed],https://www.reddit.com/r/Freegamestuff/comments/w5unzy/begging_like_a_loser_cause_im_hopeless_and_i_have/
Freegamestuff,w4paeo,1658431417,[Epic Games] [Game] Shop Titans,,https://www.reddit.com/r/Freegamestuff/comments/w4paeo/epic_games_game_shop_titans/
Freegamestuff,w4p9sg,1658431374,[Epic Games] [Game] Tannenberg,,https://www.reddit.com/r/Freegamestuff/comments/w4p9sg/epic_games_game_tannenberg/
Freegamestuff,w2uymk,1658243168,Limited Free Games on Steam,[removed],https://www.reddit.com/r/Freegamestuff/comments/w2uymk/limited_free_games_on_steam/
Freegamestuff,w2uxi1,1658243091,Limited Free Games on Steam,[removed],https://www.reddit.com/r/Freegamestuff/comments/w2uxi1/limited_free_games_on_steam/
Freegamestuff,w0i349,1657982160,[Epic Games] [Other] Idle Champions of the Forgotten Realms,[removed],https://www.reddit.com/r/Freegamestuff/comments/w0i349/epic_games_other_idle_champions_of_the_forgotten/
Freegamestuff,w0i12c,1657981993,[Epic Games] Idle Champions of the Forgotten Realms,[removed],https://www.reddit.com/r/Freegamestuff/comments/w0i12c/epic_games_idle_champions_of_the_forgotten_realms/
Freegamestuff,w0hy2e,1657981755,Idle Champions of the Forgotten Realms,[removed],https://www.reddit.com/r/Freegamestuff/comments/w0hy2e/idle_champions_of_the_forgotten_realms/
Freegamestuff,vyyjg2,1657812371,[Epic Games] [Game] Wonder Boy: The Dragon's Trap,,https://www.reddit.com/r/Freegamestuff/comments/vyyjg2/epic_games_game_wonder_boy_the_dragons_trap/
Freegamestuff,vw4ojy,1657497470,[Other][Game][Microsoft] COIN FARM - 100% Free Passive Income! - P2E Faucet Game - Collect FREE immortal birds that lay eggs 24/7 - Sell the eggs for Bitcoin or cash! - Earn 20% of your referral's income!!!,[removed],https://www.reddit.com/r/Freegamestuff/comments/vw4ojy/othergamemicrosoft_coin_farm_100_free_passive/
Freegamestuff,vw3m1z,1657494243,COIN FARM - 100% Free Passive Income! - P2E Faucet Game - Collect FREE immortal birds that lay eggs 24/7 - Sell the eggs for Bitcoin or cash! - Earn 20% of your referral's income!!!,[removed],https://www.reddit.com/r/Freegamestuff/comments/vw3m1z/coin_farm_100_free_passive_income_p2e_faucet_game/
Freegamestuff,vtqygm,1657222475,[Steam] [DLC] Minion Masters - KaBOOM Kingdom,,https://www.reddit.com/r/Freegamestuff/comments/vtqygm/steam_dlc_minion_masters_kaboom_kingdom/
Freegamestuff,vtof8u,1657215919,[STEAM] Stand with Ukraine bundle - FREE GAMES,,https://www.reddit.com/r/Freegamestuff/comments/vtof8u/steam_stand_with_ukraine_bundle_free_games/
Freegamestuff,vtodx4,1657215824,Stand with Ukraine bundle - free games,[removed],https://www.reddit.com/r/Freegamestuff/comments/vtodx4/stand_with_ukraine_bundle_free_games/
Freegamestuff,vtnnxk,1657213954,[Epic Games] [Game] Killing Floor 2,,https://www.reddit.com/r/Freegamestuff/comments/vtnnxk/epic_games_game_killing_floor_2/
Freegamestuff,vtmhrm,1657210926,[Epic Games] [Game] Killing Floor 2,[removed],https://www.reddit.com/r/Freegamestuff/comments/vtmhrm/epic_games_game_killing_floor_2/
Freegamestuff,vtknv8,1657206052,[Epic Games] [Game] Killing Floor 2,[removed],https://www.reddit.com/r/Freegamestuff/comments/vtknv8/epic_games_game_killing_floor_2/
Freegamestuff,vtknoy,1657206040,[Epic Games] [Game] Ancient Enemy,,https://www.reddit.com/r/Freegamestuff/comments/vtknoy/epic_games_game_ancient_enemy/
Freegamestuff,vsu7o9,1657125302,[Itch.IO] [Game] Doll House by Bored Leviathan,,https://www.reddit.com/r/Freegamestuff/comments/vsu7o9/itchio_game_doll_house_by_bored_leviathan/
Freegamestuff,vsno8j,1657106572,[Itch.IO] [Game] Winterlore II by Moroi Springs,,https://www.reddit.com/r/Freegamestuff/comments/vsno8j/itchio_game_winterlore_ii_by_moroi_springs/
Freegamestuff,vsnnda,1657106484,[Itch.IO] [Game] Winterlore I by Moroi Springs,,https://www.reddit.com/r/Freegamestuff/comments/vsnnda/itchio_game_winterlore_i_by_moroi_springs/
Freegamestuff,vslcbl,1657097549,[Itch.IO] [Game] Winterlore I &amp;II by Moroi Springs,[removed],https://www.reddit.com/r/Freegamestuff/comments/vslcbl/itchio_game_winterlore_i_ii_by_moroi_springs/
Freegamestuff,vslaim,1657097337,[Itch-io] [Game] Winterlore I by Moroi Springs,,https://www.reddit.com/r/Freegamestuff/comments/vslaim/itchio_game_winterlore_i_by_moroi_springs/
Freegamestuff,vsl9ic,1657097216,[Itch-io] [Game] Winterlore I &amp; II by Moroi Springs,[removed],https://www.reddit.com/r/Freegamestuff/comments/vsl9ic/itchio_game_winterlore_i_ii_by_moroi_springs/
Freegamestuff,vrypl6,1657030055,[Itch.io] [Game] BFF or Die by ASA Studio,,https://www.reddit.com/r/Freegamestuff/comments/vrypl6/itchio_game_bff_or_die_by_asa_studio/
Freegamestuff,vruqkz,1657016884,[itch.io] [Game] After the first station by Lsgamedev,,https://www.reddit.com/r/Freegamestuff/comments/vruqkz/itchio_game_after_the_first_station_by_lsgamedev/
Freegamestuff,voi9x5,1656621517,Free PSN Codes,,https://www.reddit.com/r/Freegamestuff/comments/voi9x5/free_psn_codes/
Freegamestuff,vocxea,1656607555,[Humble Bundle] [Game] Influent,[https://www.humblebundle.com/store/influent](https://www.humblebundle.com/store/influent),https://www.reddit.com/r/Freegamestuff/comments/vocxea/humble_bundle_game_influent/
Freegamestuff,voaoz1,1656601845,[Epic Games] [Game] Iratus: Lord of the Dead,,https://www.reddit.com/r/Freegamestuff/comments/voaoz1/epic_games_game_iratus_lord_of_the_dead/
Freegamestuff,voao5y,1656601790,[Epic Games] [Game] Geneforge 1: Mutagen,,https://www.reddit.com/r/Freegamestuff/comments/voao5y/epic_games_game_geneforge_1_mutagen/
Freegamestuff,vo3un3,1656579777,This War Of Mine,[removed],https://www.reddit.com/r/Freegamestuff/comments/vo3un3/this_war_of_mine/
Freegamestuff,vnod3h,1656531864,[Other][Game]This War of Mine,[removed],https://www.reddit.com/r/Freegamestuff/comments/vnod3h/othergamethis_war_of_mine/
Freegamestuff,vno9kx,1656531614,Subreddit Icon r/Freegamestuff ‚Ä¢Posted by u/Avik3491 1 day ago [Other][Game]This War of Mine,[removed],https://www.reddit.com/r/Freegamestuff/comments/vno9kx/subreddit_icon_rfreegamestuff_posted_by_uavik3491/
Freegamestuff,vl2l6z,1656242547,Nfs heat - Racing games - Super cars,[removed],https://www.reddit.com/r/Freegamestuff/comments/vl2l6z/nfs_heat_racing_games_super_cars/
Freegamestuff,vkhlh0,1656171368,[Steam][Game] Tell Me Why,[https://store.steampowered.com/app/1180660/Tell\_Me\_Why/](https://store.steampowered.com/app/1180660/Tell_Me_Why/),https://www.reddit.com/r/Freegamestuff/comments/vkhlh0/steamgame_tell_me_why/
Freegamestuff,vkeegz,1656161417,[Epic Games] [Game] Fall Guys,[removed],https://www.reddit.com/r/Freegamestuff/comments/vkeegz/epic_games_game_fall_guys/
Freegamestuff,vkedxd,1656161370,[EpicGames] [Game] Fall Guys,[removed],https://www.reddit.com/r/Freegamestuff/comments/vkedxd/epicgames_game_fall_guys/
Freegamestuff,vjpm6t,1656080563,[GoG] [Game] VirtuaVerse,,https://www.reddit.com/r/Freegamestuff/comments/vjpm6t/gog_game_virtuaverse/
Freegamestuff,vj0rjv,1656001344,[Epic Games] [Game] Car Mechanic Simulator 2018,,https://www.reddit.com/r/Freegamestuff/comments/vj0rjv/epic_games_game_car_mechanic_simulator_2018/
Freegamestuff,vj0r1y,1656001307,[Epic Games] [Game] A Game Of Thrones: The Board Game Digital Edition,,https://www.reddit.com/r/Freegamestuff/comments/vj0r1y/epic_games_game_a_game_of_thrones_the_board_game/
Freegamestuff,viyk28,1655995452,Fall Guys Free now on Epic games,[removed],https://www.reddit.com/r/Freegamestuff/comments/viyk28/fall_guys_free_now_on_epic_games/
Freegamestuff,vi7bry,1655910241,[Steam] [Game] Reventure,,https://www.reddit.com/r/Freegamestuff/comments/vi7bry/steam_game_reventure/
Freegamestuff,vh977x,1655803345,[Xbox] [Game] Fall Guys F2P,[removed],https://www.reddit.com/r/Freegamestuff/comments/vh977x/xbox_game_fall_guys_f2p/
Freegamestuff,vh96ty,1655803299,[Epic Games] [Game] Fall Guys F2P,[removed],https://www.reddit.com/r/Freegamestuff/comments/vh96ty/epic_games_game_fall_guys_f2p/
Freegamestuff,vh968d,1655803226,[Epic Games] (Game) Fall Guys F2P,[removed],https://www.reddit.com/r/Freegamestuff/comments/vh968d/epic_games_game_fall_guys_f2p/
Freegamestuff,vgmqi7,1655735181,[GOG] [Game] Flashback,,https://www.reddit.com/r/Freegamestuff/comments/vgmqi7/gog_game_flashback/
Freegamestuff,vf758y,1655561728,üòò üíù Nudes Server?,,https://www.reddit.com/r/Freegamestuff/comments/vf758y/nudes_server/
Freegamestuff,ved5xi,1655472436,[GOG] [Game] BEAUTIFUL DESOLATION,,https://www.reddit.com/r/Freegamestuff/comments/ved5xi/gog_game_beautiful_desolation/
Freegamestuff,ve1u6u,1655431144,[GOG] [Game] - Daggerfall Unity - GOG Cut,[removed],https://www.reddit.com/r/Freegamestuff/comments/ve1u6u/gog_game_daggerfall_unity_gog_cut/
Freegamestuff,vdo30c,1655391929,[Epic Games] [Game] Supraland,,https://www.reddit.com/r/Freegamestuff/comments/vdo30c/epic_games_game_supraland/
Freegamestuff,vdo2j0,1655391892,[GOG] [Game] Supraland,[deleted],https://www.reddit.com/r/Freegamestuff/comments/vdo2j0/gog_game_supraland/
Freegamestuff,vdg9pt,1655364373,[GOG] [GAME] Daggerfall Unity,,https://www.reddit.com/r/Freegamestuff/comments/vdg9pt/gog_game_daggerfall_unity/
Freegamestuff,vdbttd,1655348188,[GOG] [Game] The Elder Scrolls II: Daggerfall Unity,[removed],https://www.reddit.com/r/Freegamestuff/comments/vdbttd/gog_game_the_elder_scrolls_ii_daggerfall_unity/
Freegamestuff,vdbrif,1655347970,[GOG] [Game/Unity] The Elder Scrolls II: Daggerfall Unity,[removed],https://www.reddit.com/r/Freegamestuff/comments/vdbrif/gog_gameunity_the_elder_scrolls_ii_daggerfall/
Freegamestuff,vczjfl,1655313345,[GOG] [Game] Daggerfall Unity - GOG Cut,[removed],https://www.reddit.com/r/Freegamestuff/comments/vczjfl/gog_game_daggerfall_unity_gog_cut/
Freegamestuff,vctwkq,1655297808,Dying Light - Harran Tactical Unit Bundle,[removed],https://www.reddit.com/r/Freegamestuff/comments/vctwkq/dying_light_harran_tactical_unit_bundle/
Freegamestuff,vc5665,1655218163,(Steam) Street Fighter II,[removed],https://www.reddit.com/r/Freegamestuff/comments/vc5665/steam_street_fighter_ii/
Freegamestuff,vc49pb,1655215570,[Steam] [DLC] Save 100% on Gridiron - Gold Package (self.Freegamestuff),,https://www.reddit.com/r/Freegamestuff/comments/vc49pb/steam_dlc_save_100_on_gridiron_gold_package/
Freegamestuff,vc44my,1655215187,[Steam] [DLC] Save 100% on Gridiron - Gold Package,[removed],https://www.reddit.com/r/Freegamestuff/comments/vc44my/steam_dlc_save_100_on_gridiron_gold_package/
Freegamestuff,vbxo14,1655190490,Assassin's Creed Origins,[removed],https://www.reddit.com/r/Freegamestuff/comments/vbxo14/assassins_creed_origins/
Freegamestuff,vbc01z,1655126197,[GOG] [Game] Shantae and the Pirate's Curse,,https://www.reddit.com/r/Freegamestuff/comments/vbc01z/gog_game_shantae_and_the_pirates_curse/
Freegamestuff,vaqle5,1655054212,[Steam] [game] Save 100% on ARK: Survival Evolved on Steam,,https://www.reddit.com/r/Freegamestuff/comments/vaqle5/steam_game_save_100_on_ark_survival_evolved_on/
Freegamestuff,vaqkck,1655054129,[Steam][Game] ARK: Survival Evolved,[removed],https://www.reddit.com/r/Freegamestuff/comments/vaqkck/steamgame_ark_survival_evolved/
Freegamestuff,vaqk9q,1655054123,[Steam] Save 100% on ARK: Survival Evolved on Steam,,https://www.reddit.com/r/Freegamestuff/comments/vaqk9q/steam_save_100_on_ark_survival_evolved_on_steam/
Freegamestuff,vaqjgk,1655054059,ARK: Survival Evolved,[removed],https://www.reddit.com/r/Freegamestuff/comments/vaqjgk/ark_survival_evolved/
Freegamestuff,vaqgsc,1655053842,Save 100% on ARK: Survival Evolved on Steam,,https://www.reddit.com/r/Freegamestuff/comments/vaqgsc/save_100_on_ark_survival_evolved_on_steam/
Freegamestuff,vad4nd,1655003809,Maneater is Free on Epic,[removed],https://www.reddit.com/r/Freegamestuff/comments/vad4nd/maneater_is_free_on_epic/
Freegamestuff,vad0o4,1655003385,Maneater is free on Epic Games.,[removed],https://www.reddit.com/r/Freegamestuff/comments/vad0o4/maneater_is_free_on_epic_games/
Freegamestuff,vacz89,1655003231,MANEATER Is FREE on EPIC GAMES.,[removed],https://www.reddit.com/r/Freegamestuff/comments/vacz89/maneater_is_free_on_epic_games/
Freegamestuff,v9yz6t,1654958551,[EPIC GAMES] [DLC] Dying Light - Harran Tactical Unit Bundle,,https://www.reddit.com/r/Freegamestuff/comments/v9yz6t/epic_games_dlc_dying_light_harran_tactical_unit/
Freegamestuff,v9gdte,1654891744,[GOG] [Game] Venetica - Gold Edition,https://www.gog.com/\n\nScroll down for the Giveaway,https://www.reddit.com/r/Freegamestuff/comments/v9gdte/gog_game_venetica_gold_edition/
Freegamestuff,v9cpfm,1654881517,[STEAM] [GAME] Ninja Stealth,,https://www.reddit.com/r/Freegamestuff/comments/v9cpfm/steam_game_ninja_stealth/
Freegamestuff,v9c9g3,1654880330,[GOG] [GAME] Venetica - Gold Edition,[removed],https://www.reddit.com/r/Freegamestuff/comments/v9c9g3/gog_game_venetica_gold_edition/
Freegamestuff,v9c6nt,1654880117,[GOG] [GAME] Venetica,[removed],https://www.reddit.com/r/Freegamestuff/comments/v9c6nt/gog_game_venetica/
Freegamestuff,v9ayre,1654876799,Venetica - Gold Edition,[removed],https://www.reddit.com/r/Freegamestuff/comments/v9ayre/venetica_gold_edition/
Freegamestuff,v99d30,1654872329,[GOG] [GAME] Venetica,[removed],https://www.reddit.com/r/Freegamestuff/comments/v99d30/gog_game_venetica/
Freegamestuff,v9878e,1654869005,[GOG] [Game] Venetica - Gold Edition,[removed],https://www.reddit.com/r/Freegamestuff/comments/v9878e/gog_game_venetica_gold_edition/
Freegamestuff,v97yor,1654868290,[GOG] [Game] Venetica - Gold Edition,[removed],https://www.reddit.com/r/Freegamestuff/comments/v97yor/gog_game_venetica_gold_edition/
Freegamestuff,v8s0ho,1654811767,[Steam] [Game] Classic STREET FIGHTER II,,https://www.reddit.com/r/Freegamestuff/comments/v8s0ho/steam_game_classic_street_fighter_ii/
Freegamestuff,v8qywq,1654808885,Capcom Arcade StadiumÔºöSTREET FIGHTER II - The World Warrior,,https://www.reddit.com/r/Freegamestuff/comments/v8qywq/capcom_arcade_stadiumstreet_fighter_ii_the_world/
Freegamestuff,v8qmf1,1654807967,[FGS] Feature Request: ability to filter via on screen buttons to exclude/include only certain stores/websites,[removed],https://www.reddit.com/r/Freegamestuff/comments/v8qmf1/fgs_feature_request_ability_to_filter_via_on/
Freegamestuff,v8it64,1654786988,[Epic Games] [Game] Maneater,,https://www.reddit.com/r/Freegamestuff/comments/v8it64/epic_games_game_maneater/
Freegamestuff,v8getu,1654779854,[Itch.IO] [Game] Poppy Playtime,[removed],https://www.reddit.com/r/Freegamestuff/comments/v8getu/itchio_game_poppy_playtime/
Freegamestuff,v8g4ah,1654778938,[Itch.IO} Game | Poppy Playtime,[deleted],https://www.reddit.com/r/Freegamestuff/comments/v8g4ah/itchio_game_poppy_playtime/
Freegamestuff,xr33eb,1664443327,[Steam][DLC] Need for Speed Heat - Keys of the map,[removed],https://www.reddit.com/r/Freegamestuff/comments/xr33eb/steamdlc_need_for_speed_heat_keys_of_the_map/
Freegamestuff,xqr89p,1664406071,"Smoke Session! Comment ""puff"" for your Stellar Cannacoin tip!!!!",,https://www.reddit.com/r/Freegamestuff/comments/xqr89p/smoke_session_comment_puff_for_your_stellar/
Freegamestuff,xprpqm,1664310485,[Origin] [Steam] [DLC] Need for Speed Heat - Keys to the map,[removed],https://www.reddit.com/r/Freegamestuff/comments/xprpqm/origin_steam_dlc_need_for_speed_heat_keys_to_the/
Freegamestuff,xnmy75,1664111331,[Steam] [Game] The Rack - Pool Billiard,[removed],https://www.reddit.com/r/Freegamestuff/comments/xnmy75/steam_game_the_rack_pool_billiard/
Freegamestuff,xlluch,1663902604,[Steam][DLC] World of Warships ‚Äî Way of the Warrior,[World of Warships ‚Äî Way of the Warrior DLC Link](https://store.steampowered.com/app/1954920/World_of_Warships__Way_of_the_Warrior/)\n\nThis is a different DLC to [this DLC (World of Warships ‚Äî American Freedom)](https://www.reddit.com/r/Freegamestuff/comments/xlfro4/steam_dlc_world_of_warships_american_freedom_base/)\n\n[World of Warships](https://store.steampowered.com/app/552990/World_of_Warships/) is a free-to-play game.,https://www.reddit.com/r/Freegamestuff/comments/xlluch/steamdlc_world_of_warships_way_of_the_warrior/
Freegamestuff,xl6dod,1663864825,[Epic Games] [Game] Gloomhaven,,https://www.reddit.com/r/Freegamestuff/comments/xl6dod/epic_games_game_gloomhaven/
Freegamestuff,xl69on,1663864574,[Epic Games] [Game] ARK: Survival Evolved,[https://store.epicgames.com/en-US/p/ark](https://store.epicgames.com/en-US/p/ark),https://www.reddit.com/r/Freegamestuff/comments/xl69on/epic_games_game_ark_survival_evolved/
Freegamestuff,xklh5r,1663805030,Marvel's Spider-Man Remastered v1.919.0.0 FREE!!! PC,[removed],https://www.reddit.com/r/Freegamestuff/comments/xklh5r/marvels_spiderman_remastered_v191900_free_pc/
Freegamestuff,xklg77,1663804962,Marvel's Spider-Man Remastered v1.919.0.0 FREE!!! PC,[removed],https://www.reddit.com/r/Freegamestuff/comments/xklg77/marvels_spiderman_remastered_v191900_free_pc/
Freegamestuff,xhmsnn,1663522396,RollerCoin Season 6 has begun! - FREE Season Pass! - FREE crypto mining! - FREE Passive Income 24/7! - FREE NFT avatar! - P2E classic arcade games! - Daily Faucet! - Earn 25% of your friend's profit! - *NEW MARKETPLACE* Sell your FREE miners to other players!,[removed],https://www.reddit.com/r/Freegamestuff/comments/xhmsnn/rollercoin_season_6_has_begun_free_season_pass/
Freegamestuff,v65h34,1654527576,[GOG] [Game] Sanitarium (1998),[https://www.gog.com/](https://www.gog.com/)  \nscroll down to the giveaway  \n46 hours to go.,https://www.reddit.com/r/Freegamestuff/comments/v65h34/gog_game_sanitarium_1998/
Freegamestuff,v4bmwl,1654298041,[Other] [Xbox] [Game] Tell Me Why,,https://www.reddit.com/r/Freegamestuff/comments/v4bmwl/other_xbox_game_tell_me_why/
Freegamestuff,v4blil,1654297918,[Game] [Other] [Xbox] Tell Me Why,,https://www.reddit.com/r/Freegamestuff/comments/v4blil/game_other_xbox_tell_me_why/
Freegamestuff,v4bigu,1654297666,[Xbox] [Game] Tell Me Why,,https://www.reddit.com/r/Freegamestuff/comments/v4bigu/xbox_game_tell_me_why/
Freegamestuff,v4bgzi,1654297539,[Xbox] [Game ] Tell Me Why,,https://www.reddit.com/r/Freegamestuff/comments/v4bgzi/xbox_game_tell_me_why/
Freegamestuff,v3z69v,1654262132,Free to Play Online Game #shorts #gaming #onlinegaming #freegame #youtu...,,https://www.reddit.com/r/Freegamestuff/comments/v3z69v/free_to_play_online_game_shorts_gaming/
Freegamestuff,v3vkgt,1654248497,[Steam] [Game] Tell Me Why (until 1 July),"[https://store.steampowered.com/app/1180660/Tell\_Me\_Why/](https://store.steampowered.com/app/1180660/Tell_Me_Why/)\n\n**All Chapters FREE in June!**  \nTell Me Why is the latest narrative adventure game from DONTNOD Entertainment, the studio behind the beloved franchise, Life is Strange.",https://www.reddit.com/r/Freegamestuff/comments/v3vkgt/steam_game_tell_me_why_until_1_july/
Freegamestuff,v3atpc,1654182043,[Epic Games] [Game] Wolfenstein: The New Order,,https://www.reddit.com/r/Freegamestuff/comments/v3atpc/epic_games_game_wolfenstein_the_new_order/
Freegamestuff,v35u1r,1654165932,"[GOG] [Game] Warhammer 40,000: Chaos Gate","[https://www.gog.com/en/game/warhammer\_skulls\_2022\_digital\_goodie\_pack](https://www.gog.com/en/game/warhammer_skulls_2022_digital_goodie_pack)  \n\n\n This pack includes:\n\n* [Warhammer 40,000: Chaos Gate](https://www.gog.com/game/warhammer_40000_chaos_gate) (1998 strategy game)\n* Warhammer: Mark of Chaos Concept Art Book\n* Warhammer wallpapers  \n*(+ several discounts)*",https://www.reddit.com/r/Freegamestuff/comments/v35u1r/gog_game_warhammer_40000_chaos_gate/
Freegamestuff,v2v854,1654127351,"My name is Giovanni Giorgio, but everybody calls me Giorgio",[removed],https://www.reddit.com/r/Freegamestuff/comments/v2v854/my_name_is_giovanni_giorgio_but_everybody_calls/
Freegamestuff,xfz64o,1663353224,[Steam][DLC]Need for Speed‚Ñ¢ Payback - Fortune Valley Map Shortcuts,[https://store.steampowered.com/app/1262591/Need\_for\_Speed\_Payback\_\_Fortune\_Valley\_Map\_Shortcuts/](https://store.steampowered.com/app/1262591/Need_for_Speed_Payback__Fortune_Valley_Map_Shortcuts/),https://www.reddit.com/r/Freegamestuff/comments/xfz64o/steamdlcneed_for_speed_payback_fortune_valley_map/
Freegamestuff,xez0ag,1663254027,[Epic Games] [Game] The Captain,,https://www.reddit.com/r/Freegamestuff/comments/xez0ag/epic_games_game_the_captain/
Freegamestuff,xez09h,1663254025,[Epic Games] [Game] Spirit of the North,,https://www.reddit.com/r/Freegamestuff/comments/xez09h/epic_games_game_spirit_of_the_north/
Freegamestuff,xe7g8f,1663175388,Control Craft 3 Steam Key Giveaway,,https://www.reddit.com/r/Freegamestuff/comments/xe7g8f/control_craft_3_steam_key_giveaway/
Freegamestuff,x9gt0o,1662683819,[Iitch.IO] [GAMES],[removed],https://www.reddit.com/r/Freegamestuff/comments/x9gt0o/iitchio_games/
Freegamestuff,x99zsh,1662666940,[Itch.IO] [GAME] IZBOT2 by Ruxar,,https://www.reddit.com/r/Freegamestuff/comments/x99zsh/itchio_game_izbot2_by_ruxar/
Freegamestuff,x99u3u,1662666571,[Itch.IO] [GAME] iZBOT &amp; iZBOT2 by Ruxar,[removed],https://www.reddit.com/r/Freegamestuff/comments/x99u3u/itchio_game_izbot_izbot2_by_ruxar/
Freegamestuff,x92q0q,1662649217,[Epic Games] [Game] Hundred Days - Winemaking Simulator,,https://www.reddit.com/r/Freegamestuff/comments/x92q0q/epic_games_game_hundred_days_winemaking_simulator/
Freegamestuff,x777jh,1662460646,Mighty Vikings Steam Giveaway,,https://www.reddit.com/r/Freegamestuff/comments/x777jh/mighty_vikings_steam_giveaway/
Freegamestuff,x4ix9n,1662171014,GOLDEN FARM - 100% Free Passive Income! - P2E Faucet Game - Collect FREE immortal birds that lay eggs 24/7 - Sell the eggs for Bitcoin or cash! - Earn 20% of your referral's income!!!,[removed],https://www.reddit.com/r/Freegamestuff/comments/x4ix9n/golden_farm_100_free_passive_income_p2e_faucet/
Freegamestuff,x43924,1662129716,[GOG][Game] Immortal Redneck,[removed],https://www.reddit.com/r/Freegamestuff/comments/x43924/goggame_immortal_redneck/
Freegamestuff,x3ctpj,1662051737,[Steam] [Game] Mafia,[removed],https://www.reddit.com/r/Freegamestuff/comments/x3ctpj/steam_game_mafia/
Freegamestuff,x3ct32,1662051691,[Steam] [Game] MAFIA,,https://www.reddit.com/r/Freegamestuff/comments/x3ct32/steam_game_mafia/
Freegamestuff,x39w9a,1662044525,[Epic Games] [Game] Shadow of the Tomb Raider: Definitive Edition,,https://www.reddit.com/r/Freegamestuff/comments/x39w9a/epic_games_game_shadow_of_the_tomb_raider/
Freegamestuff,x39v1o,1662044456,[Epic Games] [Game] Submerged: Hidden Depths,,https://www.reddit.com/r/Freegamestuff/comments/x39v1o/epic_games_game_submerged_hidden_depths/
Freegamestuff,x39scs,1662044290,[Epic Games] [Game] Knockout City‚Ñ¢,,https://www.reddit.com/r/Freegamestuff/comments/x39scs/epic_games_game_knockout_city/
Freegamestuff,x0ybez,1661803351,[Steam] [Game],,https://www.reddit.com/r/Freegamestuff/comments/x0ybez/steam_game/
Freegamestuff,x0pcs2,1661781223,[GOG] [Game] Lovecraft's Untold Stories,,https://www.reddit.com/r/Freegamestuff/comments/x0pcs2/gog_game_lovecrafts_untold_stories/
Freegamestuff,x0pbj9,1661781127,[GOG] Lovecraft's Untold Stories,,https://www.reddit.com/r/Freegamestuff/comments/x0pbj9/gog_lovecrafts_untold_stories/
Freegamestuff,wzvdg7,1661692888,[Steam] [Game] Grocket (Free to paid),,https://www.reddit.com/r/Freegamestuff/comments/wzvdg7/steam_game_grocket_free_to_paid/
Freegamestuff,wygfyq,1661538284,Win $250 GameStop Gift Cards,,https://www.reddit.com/r/Freegamestuff/comments/wygfyq/win_250_gamestop_gift_cards/
Freegamestuff,wyah1s,1661523660,[GoG][Game] Dex,,https://www.reddit.com/r/Freegamestuff/comments/wyah1s/goggame_dex/
Freegamestuff,wxikq5,1661444629,[Epic Games] [Game] Ring of Pain,,https://www.reddit.com/r/Freegamestuff/comments/wxikq5/epic_games_game_ring_of_pain/
Freegamestuff,wwtdbl,1661371715,[Epic Games] [DLC] World of Warships - Gamescom Small Camo Pack,,https://www.reddit.com/r/Freegamestuff/comments/wwtdbl/epic_games_dlc_world_of_warships_gamescom_small/
Freegamestuff,wwkxn2,1661351127,Military Crusaders 1000 Steam Keys,,https://www.reddit.com/r/Freegamestuff/comments/wwkxn2/military_crusaders_1000_steam_keys/
Freegamestuff,wwacjv,1661316959,"[Steam] Waves &amp; Waves 2 (dev died, now free forever)",,https://www.reddit.com/r/Freegamestuff/comments/wwacjv/steam_waves_waves_2_dev_died_now_free_forever/
Freegamestuff,wwa9vz,1661316713,"Waves &amp; Waves 2 (dev died, now free forever)",,https://www.reddit.com/r/Freegamestuff/comments/wwa9vz/waves_waves_2_dev_died_now_free_forever/
Freegamestuff,ww383a,1661296600,[Epic Games] [DLC] Destiny 2: Bungie 30th Anniversary Pack,[https://store.epicgames.com/en-US/p/destiny-2--bungie-30th-anniversary-pack](https://store.epicgames.com/en-US/p/destiny-2--bungie-30th-anniversary-pack),https://www.reddit.com/r/Freegamestuff/comments/ww383a/epic_games_dlc_destiny_2_bungie_30th_anniversary/
Freegamestuff,wv1xc7,1661194536,"Download Yooka Laylee for Free on Epicgames till Aug 26th,2021 - For PC!",,https://www.reddit.com/r/Freegamestuff/comments/wv1xc7/download_yooka_laylee_for_free_on_epicgames_till/
Freegamestuff,wuv9ui,1661178849,[GoG][Game] Stasis,,https://www.reddit.com/r/Freegamestuff/comments/wuv9ui/goggame_stasis/
Freegamestuff,wt1zqm,1660983827,"[Itch.IO] [GAME] HERMIT SERIES: CLASSIC GAME, HOME GAME, HOME GAME 2, by HORSES' MUSIC-DOGS",,https://www.reddit.com/r/Freegamestuff/comments/wt1zqm/itchio_game_hermit_series_classic_game_home_game/
Freegamestuff,wrwur2,1660861731,RUBLEVERSE,,https://www.reddit.com/r/Freegamestuff/comments/wrwur2/rubleverse/
Freegamestuff,wrwtr9,1660861656,"ADD ON ""Rumbleverse""",,https://www.reddit.com/r/Freegamestuff/comments/wrwtr9/add_on_rumbleverse/
Freegamestuff,wrws4n,1660861532,"[EPIC GAMES] [ADD-ON] ""Rumbleverse‚Ñ¢""",[removed],https://www.reddit.com/r/Freegamestuff/comments/wrws4n/epic_games_addon_rumbleverse/
Freegamestuff,wrqmby,1660846513,[Epic Games][Game] DOOM 64,,https://www.reddit.com/r/Freegamestuff/comments/wrqmby/epic_gamesgame_doom_64/
Freegamestuff,wrn1d2,1660837921,"Doom 64 free on the Epic Store, celebrating Quake-Con",[removed],https://www.reddit.com/r/Freegamestuff/comments/wrn1d2/doom_64_free_on_the_epic_store_celebrating/
Freegamestuff,wrn0z8,1660837895,[Epic Games] [Game] DOOM 64,[removed],https://www.reddit.com/r/Freegamestuff/comments/wrn0z8/epic_games_game_doom_64/
Freegamestuff,wrmzzx,1660837827,DOOM 64 is free to claim on Epic Games until 25th August.,,https://www.reddit.com/r/Freegamestuff/comments/wrmzzx/doom_64_is_free_to_claim_on_epic_games_until_25th/
Freegamestuff,wrlzo5,1660835324,[Epic Games] [Game] Doom 64,[removed],https://www.reddit.com/r/Freegamestuff/comments/wrlzo5/epic_games_game_doom_64/
Freegamestuff,wppbk1,1660640442,#gog game discount code - AZC4FF09DF107013A3,,https://www.reddit.com/r/Freegamestuff/comments/wppbk1/gog_game_discount_code_azc4ff09df107013a3/
Freegamestuff,wppa2h,1660640310,Game discount code- AZC4FF09DF107013A3,,https://www.reddit.com/r/Freegamestuff/comments/wppa2h/game_discount_code_azc4ff09df107013a3/
Freegamestuff,wpp9jg,1660640249,Free discount code- AZC4FF09DF107013A3,,https://www.reddit.com/r/Freegamestuff/comments/wpp9jg/free_discount_code_azc4ff09df107013a3/
Freegamestuff,wpiv2s,1660618547,[Epic Games] [DLC] V-bucks,[removed],https://www.reddit.com/r/Freegamestuff/comments/wpiv2s/epic_games_dlc_vbucks/
Freegamestuff,wpitqm,1660618439,[Epic game] V-bucks,[removed],https://www.reddit.com/r/Freegamestuff/comments/wpitqm/epic_game_vbucks/
Freegamestuff,wpisjf,1660618337,[Epic game],[removed],https://www.reddit.com/r/Freegamestuff/comments/wpisjf/epic_game/
Freegamestuff,wpirm8,1660618259,[Epic game] [DLC],[removed],https://www.reddit.com/r/Freegamestuff/comments/wpirm8/epic_game_dlc/
Freegamestuff,wpip5g,1660618060,[Epic game] [DLC] V-bucks,[removed],https://www.reddit.com/r/Freegamestuff/comments/wpip5g/epic_game_dlc_vbucks/
Freegamestuff,wpihgr,1660617426,[epic games] [add-on/currency],[removed],https://www.reddit.com/r/Freegamestuff/comments/wpihgr/epic_games_addoncurrency/
Freegamestuff,woszmn,1660547397,ICYM: Rumbleverse an new 40-player brawler royale is now available on all platforms and it‚Äôs free to play go download now and spread the word guys it‚Äôs blowing up everywhere right now!,[deleted],https://www.reddit.com/r/Freegamestuff/comments/woszmn/icym_rumbleverse_an_new_40player_brawler_royale/
Freegamestuff,wo1afk,1660465437,I found this website to download th√© video games I want :,,https://www.reddit.com/r/Freegamestuff/comments/wo1afk/i_found_this_website_to_download_th√©_video_games/
Freegamestuff,wo16y4,1660465068,I found this website to download th√© video games I want :,,https://www.reddit.com/r/Freegamestuff/comments/wo16y4/i_found_this_website_to_download_th√©_video_games/
Freegamestuff,wnxdnx,1660451115,[microsoft] Get 1000 new people viewing your referral link EVERYDAY! or just collect $30/month! -- 100% FREE &amp; PASSIVE!!! -- An easy guide to getting free referrals everyday for any affiliate link using the Cointiply website...,[removed],https://www.reddit.com/r/Freegamestuff/comments/wnxdnx/microsoft_get_1000_new_people_viewing_your/
Freegamestuff,wlviwh,1660234986,"Smoke Session! Comment ""puff"" to receive a tip!üî•üí®",,https://www.reddit.com/r/Freegamestuff/comments/wlviwh/smoke_session_comment_puff_to_receive_a_tip/
Freegamestuff,wltjc7,1660230053,"[Epic Games] [Game] Cook, Serve, Delicious! 3?!",,https://www.reddit.com/r/Freegamestuff/comments/wltjc7/epic_games_game_cook_serve_delicious_3/
Freegamestuff,wlncm3,1660210964,3 Months of Stadia Pro free (new &amp; existing users ;,,https://www.reddit.com/r/Freegamestuff/comments/wlncm3/3_months_of_stadia_pro_free_new_existing_users/
Freegamestuff,wjj4g4,1659990236,BINGOooo For Gamers!!! Free $50 Roblox Game Card!!!,,https://www.reddit.com/r/Freegamestuff/comments/wjj4g4/bingoooo_for_gamers_free_50_roblox_game_card/
Freegamestuff,wjdqh9,1659977340,[GOG] [Other] CDPR Goodies Collection,,https://www.reddit.com/r/Freegamestuff/comments/wjdqh9/gog_other_cdpr_goodies_collection/
Freegamestuff,wihtws,1659884767,a little Update You can grab it now without any problems?,,https://www.reddit.com/r/Freegamestuff/comments/wihtws/a_little_update_you_can_grab_it_now_without_any/
Freegamestuff,wgmtx9,1659676792,Far Cry 6 Free Weekend,[removed],https://www.reddit.com/r/Freegamestuff/comments/wgmtx9/far_cry_6_free_weekend/
Freegamestuff,wgmrb5,1659676557,Far Cry 6 Free Weekend,[removed],https://www.reddit.com/r/Freegamestuff/comments/wgmrb5/far_cry_6_free_weekend/
Freegamestuff,wgmmp7,1659676140,Far Cry 6 Free Weekend,[removed],https://www.reddit.com/r/Freegamestuff/comments/wgmmp7/far_cry_6_free_weekend/
Freegamestuff,wg5xx3,1659631355,[Epic Games] [Game] Unrailed https://store.epicgames.com/en-US/p/unrailed-e19729,,https://www.reddit.com/r/Freegamestuff/comments/wg5xx3/epic_games_game_unrailed/
Freegamestuff,wg5kfl,1659630444,[Epic Games][Game] Unrailed,,https://www.reddit.com/r/Freegamestuff/comments/wg5kfl/epic_gamesgame_unrailed/
Freegamestuff,wg5euz,1659630084,Unrailed,,https://www.reddit.com/r/Freegamestuff/comments/wg5euz/unrailed/
Freegamestuff,wg4bfu,1659627432,[Epic Games] [Game] Unrailed!,[removed],https://www.reddit.com/r/Freegamestuff/comments/wg4bfu/epic_games_game_unrailed/
Freegamestuff,wfa9j1,1659542280,[Itch.IO] [Game] Avalon by Keyd Studio,,https://www.reddit.com/r/Freegamestuff/comments/wfa9j1/itchio_game_avalon_by_keyd_studio/
Freegamestuff,wfa74c,1659542118,[Itch.IO] [Game] Den:The Forgotten by Fake Wolf,,https://www.reddit.com/r/Freegamestuff/comments/wfa74c/itchio_game_denthe_forgotten_by_fake_wolf/
Freegamestuff,wfa63t,1659542049,[Itch-IO] [Game] Den:The Forgotten by Fake Wolf,,https://www.reddit.com/r/Freegamestuff/comments/wfa63t/itchio_game_denthe_forgotten_by_fake_wolf/
Freegamestuff,wf07f7,1659512317,GOLDEN FARM - 100% Free Passive Income! - P2E Faucet Game - Collect FREE immortal birds that lay eggs 24/7 - Sell the eggs for Bitcoin or cash! - Earn 20% of your referral's income!!!,[removed],https://www.reddit.com/r/Freegamestuff/comments/wf07f7/golden_farm_100_free_passive_income_p2e_faucet/
Freegamestuff,wdrszl,1659386236,Polygon: DROPPED INTO HELL by NebelungGameStudios;,,https://www.reddit.com/r/Freegamestuff/comments/wdrszl/polygon_dropped_into_hell_by_nebelunggamestudios/
